Week,ID,Jar,Status,Status,Hatched
1,C3,1C3,0,un,1
1,C3,1C3,0,un,1
1,C3,1C3,0,un,1
1,C3,1C3,0,un,1
1,C3,1C3,0,un,1
1,C3,1C3,0,un,1
1,C3,1C3,0,un,1
1,C3,1C3,0,un,1
1,C4,1C4,0,un,1
1,C4,1C4,0,un,1
1,C4,1C4,0,un,1
1,C4,1C4,0,un,1
1,C4,1C4,0,un,1
1,C4,1C4,0,un,1
1,C4,1C4,0,un,1
1,C4,1C4,0,un,1
1,C8,1C8,0,un,1
1,C8,1C8,0,un,1
1,C8,1C8,0,un,1
1,C8,1C8,0,un,1
1,C8,1C8,0,un,1
1,C8,1C8,0,un,1
1,C8,1C8,0,un,1
1,C8,1C8,0,un,1
1,C8,1C8,0,un,1
1,C10,1C10,0,un,1
1,C10,1C10,0,un,1
1,C10,1C10,0,un,1
1,C10,1C10,0,un,1
1,C10,1C10,0,un,1
1,C10,1C10,0,un,1
1,C10,1C10,0,un,1
1,C10,1C10,0,un,1
1,C10,1C10,0,un,1
1,C10,1C10,0,un,1
1,C14,1C14,0,un,1
1,C14,1C14,0,un,1
1,C14,1C14,0,un,0
1,C14,1C14,0,un,0
1,C14,1C14,0,un,0
1,C14,1C14,0,un,0
1,C14,1C14,0,un,0
1,C14,1C14,0,un,0
1,C14,1C14,0,un,0
1,C14,1C14,0,un,0
1,C14,1C14,0,un,0
1,C14,1C14,0,un,0
1,C14,1C14,0,un,0
1,C17,1C17,0,un,1
1,C17,1C17,0,un,1
1,C17,1C17,0,un,1
1,C17,1C17,0,un,1
1,C17,1C17,0,un,1
1,C17,1C17,0,un,1
1,C17,1C17,0,un,1
1,C17,1C17,0,un,1
1,C18,1C18,0,un,1
1,C18,1C18,0,un,1
1,C18,1C18,0,un,1
1,C18,1C18,0,un,1
1,C18,1C18,0,un,1
1,C18,1C18,0,un,1
1,C18,1C18,0,un,1
1,C18,1C18,0,un,1
1,C18,1C18,0,un,1
1,C18,1C18,0,un,0
1,C18,1C18,0,un,0
1,C18,1C18,0,un,0
1,C19,1C19,0,un,1
1,C19,1C19,0,un,1
1,C19,1C19,0,un,1
1,C19,1C19,0,un,1
1,C19,1C19,0,un,1
1,C19,1C19,0,un,0
1,C19,1C19,0,un,0
1,C19,1C19,0,un,0
1,C19,1C19,0,un,0
1,C20,1C20,0,un,1
1,C20,1C20,0,un,1
1,C20,1C20,0,un,1
1,C20,1C20,0,un,1
1,C20,1C20,0,un,1
1,C20,1C20,0,un,1
1,C20,1C20,0,un,1
1,C20,1C20,0,un,1
1,C20,1C20,0,un,1
1,C20,1C20,0,un,1
1,C21,1C21,0,un,1
1,C21,1C21,0,un,1
1,C21,1C21,0,un,1
1,C21,1C21,0,un,1
1,C21,1C21,0,un,1
1,C21,1C21,0,un,1
1,C21,1C21,0,un,1
1,C21,1C21,0,un,1
1,C21,1C21,0,un,1
1,C21,1C21,0,un,1
1,C21,1C21,0,un,1
1,C21,1C21,0,un,1
1,C22,1C22,0,un,0
1,C22,1C22,0,un,0
1,C22,1C22,0,un,0
1,C22,1C22,0,un,0
1,C22,1C22,0,un,0
1,C22,1C22,0,un,0
1,C22,1C22,0,un,0
1,C23,1C23,0,un,1
1,C23,1C23,0,un,1
1,C23,1C23,0,un,1
1,C23,1C23,0,un,1
1,C23,1C23,0,un,1
1,C23,1C23,0,un,1
1,C23,1C23,0,un,1
1,C23,1C23,0,un,1
1,C23,1C23,0,un,1
1,C23,1C23,0,un,1
1,C23,1C23,0,un,0
1,C25,1C25,0,un,1
1,C25,1C25,0,un,1
1,C25,1C25,0,un,1
1,C25,1C25,0,un,1
1,C25,1C25,0,un,1
1,C25,1C25,0,un,1
1,C25,1C25,0,un,1
1,C25,1C25,0,un,1
1,C25,1C25,0,un,1
1,C27,1C27,0,un,1
1,C27,1C27,0,un,1
1,C27,1C27,0,un,1
1,C27,1C27,0,un,1
1,C27,1C27,0,un,1
1,C27,1C27,0,un,1
1,C27,1C27,0,un,1
1,C27,1C27,0,un,1
1,C27,1C27,0,un,0
1,C27,1C27,0,un,0
1,C27,1C27,0,un,0
1,C27,1C27,0,un,0
1,C27,1C27,0,un,0
1,C27,1C27,0,un,0
1,C27,1C27,0,un,0
1,C27,1C27,0,un,0
1,C28,1C28,0,un,1
1,C28,1C28,0,un,1
1,C28,1C28,0,un,1
1,C28,1C28,0,un,1
1,C28,1C28,0,un,1
1,C28,1C28,0,un,1
1,C28,1C28,0,un,1
1,C28,1C28,0,un,0
1,C30,1C30,0,un,0
1,C30,1C30,0,un,0
1,C30,1C30,0,un,0
1,C30,1C30,0,un,0
1,C30,1C30,0,un,0
1,C30,1C30,0,un,0
1,C33,1C33,0,un,1
1,C33,1C33,0,un,1
1,C33,1C33,0,un,1
1,C33,1C33,0,un,1
1,C33,1C33,0,un,1
1,C33,1C33,0,un,1
1,C33,1C33,0,un,1
1,C33,1C33,0,un,1
1,C33,1C33,0,un,1
1,C33,1C33,0,un,1
1,C33,1C33,0,un,1
1,C33,1C33,0,un,1
1,C35,1C35,0,un,1
1,C35,1C35,0,un,1
1,C35,1C35,0,un,1
1,C35,1C35,0,un,1
1,C35,1C35,0,un,1
1,C35,1C35,0,un,1
1,C35,1C35,0,un,1
1,C35,1C35,0,un,1
1,C35,1C35,0,un,1
1,C38,1C38,0,un,1
1,C38,1C38,0,un,1
1,C38,1C38,0,un,1
1,C38,1C38,0,un,1
1,C38,1C38,0,un,1
1,C38,1C38,0,un,1
1,C38,1C38,0,un,1
1,C38,1C38,0,un,1
1,C38,1C38,0,un,1
1,C38,1C38,0,un,1
1,C38,1C38,0,un,1
1,I1,1I1,2,in,0
1,I1,1I1,2,in,0
1,I1,1I1,2,in,0
1,I1,1I1,2,in,0
1,I1,1I1,2,in,0
1,I1,1I1,2,in,0
1,I1,1I1,2,in,0
1,I1,1I1,2,in,0
1,I1,1I1,2,in,0
1,I1,1I1,2,in,0
1,I3,1I3,2,in,0
1,I3,1I3,2,in,0
1,I3,1I3,2,in,0
1,I4,1I4,2,in,1
1,I4,1I4,2,in,1
1,I4,1I4,2,in,1
1,I4,1I4,2,in,1
1,I4,1I4,2,in,1
1,I4,1I4,2,in,1
1,I4,1I4,2,in,1
1,I4,1I4,2,in,1
1,I4,1I4,2,in,1
1,I5,1I5,2,in,1
1,I5,1I5,2,in,1
1,I5,1I5,2,in,1
1,I5,1I5,2,in,1
1,I5,1I5,2,in,1
1,I5,1I5,2,in,1
1,I5,1I5,2,in,1
1,I5,1I5,2,in,1
1,I5,1I5,2,in,1
1,I6,1I6,2,in,0
1,I6,1I6,2,in,0
1,I6,1I6,2,in,0
1,I6,1I6,2,in,0
1,I6,1I6,2,in,0
1,I6,1I6,2,in,0
1,I6,1I6,2,in,0
1,I6,1I6,2,in,0
1,I6,1I6,2,in,0
1,I7,1I7,2,in,1
1,I7,1I7,2,in,1
1,I7,1I7,2,in,1
1,I7,1I7,2,in,1
1,I7,1I7,2,in,1
1,I7,1I7,2,in,1
1,I7,1I7,2,in,1
1,I7,1I7,2,in,1
1,I7,1I7,2,in,1
1,I7,1I7,2,in,0
1,I7,1I7,2,in,0
1,I8,1I8,2,in,1
1,I8,1I8,2,in,1
1,I8,1I8,2,in,1
1,I8,1I8,2,in,1
1,I8,1I8,2,in,1
1,I8,1I8,2,in,1
1,I8,1I8,2,in,1
1,I8,1I8,2,in,1
1,I8,1I8,2,in,1
1,I8,1I8,2,in,1
1,I8,1I8,2,in,1
1,I12,1I12,2,in,1
1,I12,1I12,2,in,1
1,I12,1I12,2,in,1
1,I12,1I12,2,in,1
1,I12,1I12,2,in,1
1,I12,1I12,2,in,1
1,I12,1I12,2,in,0
1,I13,1I13,1,ex,1
1,I13,1I13,1,ex,1
1,I13,1I13,1,ex,1
1,I13,1I13,1,ex,1
1,I13,1I13,1,ex,1
1,I13,1I13,1,ex,1
1,I13,1I13,1,ex,1
1,I13,1I13,1,ex,1
1,I13,1I13,1,ex,1
1,I13,1I13,1,ex,1
1,I14,1I14,2,in,1
1,I14,1I14,2,in,1
1,I14,1I14,2,in,1
1,I14,1I14,2,in,1
1,I14,1I14,2,in,1
1,I14,1I14,2,in,1
1,I14,1I14,2,in,1
1,I14,1I14,2,in,1
1,I14,1I14,2,in,0
1,I14,1I14,2,in,0
1,I18,1I18,2,in,1
1,I18,1I18,2,in,1
1,I18,1I18,2,in,1
1,I18,1I18,2,in,1
1,I18,1I18,2,in,1
1,I18,1I18,2,in,1
1,I18,1I18,2,in,1
1,I18,1I18,2,in,1
1,I18,1I18,2,in,1
1,I18,1I18,2,in,1
1,I18,1I18,2,in,1
1,I18,1I18,2,in,1
1,I18,1I18,2,in,1
1,I20,1I20,2,in,1
1,I20,1I20,2,in,1
1,I20,1I20,2,in,1
1,I20,1I20,2,in,1
1,I20,1I20,2,in,1
1,I20,1I20,2,in,1
1,I20,1I20,2,in,1
1,I20,1I20,2,in,1
1,I20,1I20,2,in,1
1,I20,1I20,2,in,1
1,I20,1I20,2,in,0
1,I22,1I22,2,in,1
1,I22,1I22,2,in,1
1,I22,1I22,2,in,1
1,I22,1I22,2,in,1
1,I22,1I22,2,in,1
1,I22,1I22,2,in,1
1,I22,1I22,2,in,1
1,I22,1I22,2,in,1
1,I24,1I24,2,in,1
1,I24,1I24,2,in,1
1,I24,1I24,2,in,1
1,I24,1I24,2,in,1
1,I24,1I24,2,in,1
1,I24,1I24,2,in,1
1,I24,1I24,2,in,1
1,I24,1I24,2,in,1
1,I24,1I24,2,in,1
1,I24,1I24,2,in,0
1,I25,1I25,2,in,1
1,I25,1I25,2,in,1
1,I25,1I25,2,in,1
1,I25,1I25,2,in,1
1,I25,1I25,2,in,1
1,I25,1I25,2,in,1
1,I25,1I25,2,in,1
1,I25,1I25,2,in,0
1,I25,1I25,2,in,0
1,I25,1I25,2,in,0
1,I26,1I26,1,ex,1
1,I26,1I26,1,ex,0
1,I26,1I26,1,ex,0
1,I26,1I26,1,ex,0
1,I27,1I27,2,in,1
1,I27,1I27,2,in,1
1,I27,1I27,2,in,1
1,I27,1I27,2,in,1
1,I27,1I27,2,in,0
1,I27,1I27,2,in,0
1,I27,1I27,2,in,0
1,I27,1I27,2,in,0
1,I27,1I27,2,in,0
1,I27,1I27,2,in,0
1,I27,1I27,2,in,0
1,I28,1I28,2,in,1
1,I28,1I28,2,in,1
1,I28,1I28,2,in,1
1,I28,1I28,2,in,1
1,I28,1I28,2,in,1
1,I28,1I28,2,in,1
1,I28,1I28,2,in,1
1,I28,1I28,2,in,1
1,I28,1I28,2,in,1
1,I28,1I28,2,in,1
1,I29,1I29,1,ex,0
1,I29,1I29,1,ex,0
1,I29,1I29,1,ex,0
1,I29,1I29,1,ex,0
1,I29,1I29,1,ex,0
1,I29,1I29,1,ex,0
1,I29,1I29,1,ex,0
1,I29,1I29,1,ex,0
1,I29,1I29,1,ex,0
1,I30,1I30,2,in,1
1,I30,1I30,2,in,0
1,I30,1I30,2,in,0
1,I30,1I30,2,in,0
1,I30,1I30,2,in,0
1,I30,1I30,2,in,0
1,I30,1I30,2,in,0
1,I30,1I30,2,in,0
1,I30,1I30,2,in,0
1,I30,1I30,2,in,0
1,I30,1I30,2,in,0
1,I31,1I31,2,in,1
1,I31,1I31,2,in,1
1,I31,1I31,2,in,1
1,I31,1I31,2,in,1
1,I31,1I31,2,in,1
1,I31,1I31,2,in,1
1,I31,1I31,2,in,1
1,I31,1I31,2,in,1
1,I31,1I31,2,in,0
1,I32,1I32,2,in,1
1,I32,1I32,2,in,1
1,I32,1I32,2,in,1
1,I32,1I32,2,in,1
1,I32,1I32,2,in,1
1,I32,1I32,2,in,1
1,I32,1I32,2,in,1
1,I32,1I32,2,in,1
1,I33,1I33,2,in,1
1,I33,1I33,2,in,1
1,I33,1I33,2,in,1
1,I33,1I33,2,in,1
1,I33,1I33,2,in,1
1,I33,1I33,2,in,1
1,I33,1I33,2,in,1
1,I33,1I33,2,in,1
1,I33,1I33,2,in,0
1,I33,1I33,2,in,0
1,I34,1I34,2,in,0
1,I34,1I34,2,in,0
1,I34,1I34,2,in,0
1,I34,1I34,2,in,0
1,I34,1I34,2,in,0
1,I34,1I34,2,in,0
1,I34,1I34,2,in,0
1,I34,1I34,2,in,0
1,I34,1I34,2,in,0
1,I34,1I34,2,in,0
1,I35,1I35,2,in,1
1,I35,1I35,2,in,1
1,I35,1I35,2,in,1
1,I35,1I35,2,in,1
1,I35,1I35,2,in,1
1,I35,1I35,2,in,1
1,I35,1I35,2,in,1
1,I35,1I35,2,in,1
1,I35,1I35,2,in,1
1,I36,1I36,2,in,1
1,I36,1I36,2,in,1
1,I36,1I36,2,in,1
1,I36,1I36,2,in,1
1,I36,1I36,2,in,1
1,I36,1I36,2,in,1
1,I36,1I36,2,in,1
1,I36,1I36,2,in,1
1,I36,1I36,2,in,1
1,I36,1I36,2,in,0
1,I37,1I37,2,in,1
1,I37,1I37,2,in,1
1,I37,1I37,2,in,1
1,I37,1I37,2,in,1
1,I37,1I37,2,in,1
1,I37,1I37,2,in,1
1,I37,1I37,2,in,1
1,I37,1I37,2,in,1
1,I39,1I39,2,in,1
1,I39,1I39,2,in,1
1,I39,1I39,2,in,0
1,I39,1I39,2,in,0
1,I39,1I39,2,in,0
1,I39,1I39,2,in,0
1,I39,1I39,2,in,0
1,I39,1I39,2,in,0
1,I39,1I39,2,in,0
1,I45,1I45,1,ex,1
1,I45,1I45,1,ex,0
1,I45,1I45,1,ex,0
1,I45,1I45,1,ex,0
1,I45,1I45,1,ex,0
1,I45,1I45,1,ex,0
1,I46,1I46,2,in,1
1,I46,1I46,2,in,1
1,I46,1I46,2,in,1
1,I46,1I46,2,in,1
1,I46,1I46,2,in,1
1,I46,1I46,2,in,1
1,I46,1I46,2,in,1
1,I46,1I46,2,in,1
1,I46,1I46,2,in,0
1,I49,1I49,1,ex,1
1,I49,1I49,1,ex,1
1,I49,1I49,1,ex,1
1,I49,1I49,1,ex,1
1,I49,1I49,1,ex,1
1,I49,1I49,1,ex,1
1,I49,1I49,1,ex,1
1,I50,1I50,1,ex,1
1,I50,1I50,1,ex,1
1,I50,1I50,1,ex,1
1,I50,1I50,1,ex,1
1,I50,1I50,1,ex,1
1,I50,1I50,1,ex,1
1,I50,1I50,1,ex,1
1,I50,1I50,1,ex,1
1,I50,1I50,1,ex,0
2,C3,2C3,0,un,1
2,C3,2C3,0,un,1
2,C3,2C3,0,un,1
2,C3,2C3,0,un,1
2,C3,2C3,0,un,1
2,C3,2C3,0,un,1
2,C3,2C3,0,un,1
2,C3,2C3,0,un,1
2,C3,2C3,0,un,1
2,C3,2C3,0,un,1
2,C3,2C3,0,un,1
2,C3,2C3,0,un,1
2,C3,2C3,0,un,0
2,C4,2C4,0,un,0
2,C4,2C4,0,un,0
2,C4,2C4,0,un,0
2,C4,2C4,0,un,0
2,C4,2C4,0,un,0
2,C4,2C4,0,un,0
2,C4,2C4,0,un,0
2,C8,2C8,0,un,1
2,C8,2C8,0,un,1
2,C8,2C8,0,un,1
2,C8,2C8,0,un,1
2,C8,2C8,0,un,1
2,C8,2C8,0,un,1
2,C8,2C8,0,un,1
2,C8,2C8,0,un,1
2,C8,2C8,0,un,0
2,C8,2C8,0,un,0
2,C8,2C8,0,un,0
2,C8,2C8,0,un,0
2,C8,2C8,0,un,0
2,C8,2C8,0,un,0
2,C8,2C8,0,un,0
2,C10,2C10,0,un,1
2,C10,2C10,0,un,1
2,C10,2C10,0,un,1
2,C10,2C10,0,un,1
2,C10,2C10,0,un,1
2,C10,2C10,0,un,1
2,C10,2C10,0,un,1
2,C10,2C10,0,un,1
2,C10,2C10,0,un,1
2,C10,2C10,0,un,1
2,C10,2C10,0,un,1
2,C10,2C10,0,un,1
2,C10,2C10,0,un,1
2,C10,2C10,0,un,0
2,C10,2C10,0,un,0
2,C14,2C14,0,un,1
2,C14,2C14,0,un,1
2,C14,2C14,0,un,1
2,C14,2C14,0,un,1
2,C14,2C14,0,un,1
2,C14,2C14,0,un,1
2,C14,2C14,0,un,1
2,C14,2C14,0,un,1
2,C14,2C14,0,un,1
2,C14,2C14,0,un,1
2,C15,2C15,0,un,1
2,C15,2C15,0,un,1
2,C15,2C15,0,un,1
2,C15,2C15,0,un,1
2,C15,2C15,0,un,1
2,C15,2C15,0,un,1
2,C15,2C15,0,un,1
2,C15,2C15,0,un,1
2,C15,2C15,0,un,1
2,C15,2C15,0,un,1
2,C15,2C15,0,un,1
2,C15,2C15,0,un,0
2,C15,2C15,0,un,0
2,C16,2C16,0,un,1
2,C16,2C16,0,un,1
2,C16,2C16,0,un,1
2,C16,2C16,0,un,1
2,C16,2C16,0,un,1
2,C16,2C16,0,un,1
2,C16,2C16,0,un,1
2,C16,2C16,0,un,1
2,C16,2C16,0,un,1
2,C16,2C16,0,un,0
2,C16,2C16,0,un,0
2,C17,2C17,0,un,1
2,C17,2C17,0,un,1
2,C17,2C17,0,un,1
2,C17,2C17,0,un,1
2,C17,2C17,0,un,1
2,C17,2C17,0,un,1
2,C17,2C17,0,un,1
2,C17,2C17,0,un,1
2,C17,2C17,0,un,0
2,C17,2C17,0,un,0
2,C17,2C17,0,un,0
2,C17,2C17,0,un,0
2,C18,2C18,0,un,1
2,C18,2C18,0,un,1
2,C18,2C18,0,un,1
2,C18,2C18,0,un,1
2,C18,2C18,0,un,1
2,C18,2C18,0,un,1
2,C18,2C18,0,un,1
2,C18,2C18,0,un,1
2,C18,2C18,0,un,1
2,C18,2C18,0,un,1
2,C18,2C18,0,un,1
2,C18,2C18,0,un,1
2,C18,2C18,0,un,1
2,C19,2C19,0,un,1
2,C19,2C19,0,un,1
2,C19,2C19,0,un,1
2,C19,2C19,0,un,1
2,C19,2C19,0,un,1
2,C19,2C19,0,un,1
2,C19,2C19,0,un,1
2,C19,2C19,0,un,0
2,C19,2C19,0,un,0
2,C19,2C19,0,un,0
2,C20,2C20,0,un,1
2,C20,2C20,0,un,1
2,C20,2C20,0,un,1
2,C20,2C20,0,un,1
2,C20,2C20,0,un,1
2,C20,2C20,0,un,1
2,C20,2C20,0,un,1
2,C20,2C20,0,un,1
2,C20,2C20,0,un,1
2,C21,2C21,0,un,1
2,C21,2C21,0,un,1
2,C21,2C21,0,un,1
2,C21,2C21,0,un,1
2,C21,2C21,0,un,1
2,C21,2C21,0,un,1
2,C21,2C21,0,un,1
2,C21,2C21,0,un,1
2,C21,2C21,0,un,1
2,C21,2C21,0,un,0
2,C21,2C21,0,un,0
2,C22,2C22,0,un,1
2,C22,2C22,0,un,1
2,C22,2C22,0,un,1
2,C22,2C22,0,un,1
2,C22,2C22,0,un,1
2,C22,2C22,0,un,1
2,C22,2C22,0,un,1
2,C22,2C22,0,un,1
2,C22,2C22,0,un,1
2,C22,2C22,0,un,1
2,C22,2C22,0,un,0
2,C23,2C23,0,un,1
2,C23,2C23,0,un,1
2,C23,2C23,0,un,1
2,C23,2C23,0,un,1
2,C23,2C23,0,un,1
2,C23,2C23,0,un,1
2,C23,2C23,0,un,1
2,C23,2C23,0,un,1
2,C23,2C23,0,un,1
2,C23,2C23,0,un,1
2,C23,2C23,0,un,0
2,C25,2C25,0,un,1
2,C25,2C25,0,un,1
2,C25,2C25,0,un,1
2,C25,2C25,0,un,1
2,C25,2C25,0,un,1
2,C25,2C25,0,un,1
2,C25,2C25,0,un,1
2,C25,2C25,0,un,1
2,C25,2C25,0,un,1
2,C26,2C26,0,un,1
2,C26,2C26,0,un,1
2,C26,2C26,0,un,1
2,C26,2C26,0,un,1
2,C26,2C26,0,un,1
2,C26,2C26,0,un,1
2,C26,2C26,0,un,1
2,C26,2C26,0,un,1
2,C26,2C26,0,un,1
2,C26,2C26,0,un,1
2,C26,2C26,0,un,1
2,C26,2C26,0,un,1
2,C26,2C26,0,un,0
2,C28,2C28,0,un,1
2,C28,2C28,0,un,1
2,C28,2C28,0,un,1
2,C28,2C28,0,un,1
2,C28,2C28,0,un,1
2,C28,2C28,0,un,1
2,C28,2C28,0,un,1
2,C28,2C28,0,un,1
2,C28,2C28,0,un,1
2,C28,2C28,0,un,1
2,C28,2C28,0,un,1
2,C28,2C28,0,un,1
2,C28,2C28,0,un,1
2,C28,2C28,0,un,1
2,C28,2C28,0,un,0
2,C28,2C28,0,un,0
2,C28,2C28,0,un,0
2,C30,2C30,0,un,1
2,C30,2C30,0,un,1
2,C30,2C30,0,un,0
2,C30,2C30,0,un,0
2,C30,2C30,0,un,0
2,C30,2C30,0,un,0
2,C30,2C30,0,un,0
2,C30,2C30,0,un,0
2,C30,2C30,0,un,0
2,C30,2C30,0,un,0
2,C30,2C30,0,un,0
2,C30,2C30,0,un,0
2,C30,2C30,0,un,0
2,C30,2C30,0,un,0
2,C30,2C30,0,un,0
2,C30,2C30,0,un,0
2,C30,2C30,0,un,0
2,C30,2C30,0,un,0
2,C30,2C30,0,un,0
2,C30,2C30,0,un,0
2,C30,2C30,0,un,0
2,C33,2C33,0,un,1
2,C33,2C33,0,un,1
2,C33,2C33,0,un,1
2,C33,2C33,0,un,1
2,C33,2C33,0,un,1
2,C33,2C33,0,un,1
2,C33,2C33,0,un,1
2,C33,2C33,0,un,1
2,C33,2C33,0,un,1
2,C33,2C33,0,un,1
2,C33,2C33,0,un,1
2,C33,2C33,0,un,1
2,C33,2C33,0,un,1
2,C33,2C33,0,un,1
2,C33,2C33,0,un,1
2,C33,2C33,0,un,1
2,C33,2C33,0,un,1
2,C35,2C35,0,un,1
2,C35,2C35,0,un,1
2,C35,2C35,0,un,1
2,C35,2C35,0,un,1
2,C35,2C35,0,un,1
2,C35,2C35,0,un,1
2,C35,2C35,0,un,1
2,C35,2C35,0,un,1
2,C35,2C35,0,un,1
2,C35,2C35,0,un,1
2,C35,2C35,0,un,1
2,C35,2C35,0,un,1
2,C35,2C35,0,un,0
2,C36,2C36,0,un,1
2,C36,2C36,0,un,1
2,C36,2C36,0,un,1
2,C36,2C36,0,un,1
2,C36,2C36,0,un,1
2,C36,2C36,0,un,1
2,C36,2C36,0,un,1
2,C36,2C36,0,un,1
2,C36,2C36,0,un,1
2,C36,2C36,0,un,0
2,C38,2C38,0,un,1
2,C38,2C38,0,un,1
2,C38,2C38,0,un,1
2,C38,2C38,0,un,1
2,C38,2C38,0,un,1
2,C38,2C38,0,un,1
2,C38,2C38,0,un,1
2,C38,2C38,0,un,1
2,C38,2C38,0,un,1
2,C38,2C38,0,un,1
2,C38,2C38,0,un,1
2,C38,2C38,0,un,1
2,C39,2C39,0,un,1
2,C39,2C39,0,un,1
2,C39,2C39,0,un,1
2,C39,2C39,0,un,1
2,C39,2C39,0,un,1
2,C39,2C39,0,un,1
2,C39,2C39,0,un,1
2,C39,2C39,0,un,1
2,C39,2C39,0,un,1
2,C39,2C39,0,un,1
2,C39,2C39,0,un,1
2,C39,2C39,0,un,1
2,C40,2C40,0,un,1
2,C40,2C40,0,un,1
2,C40,2C40,0,un,1
2,C40,2C40,0,un,1
2,C40,2C40,0,un,1
2,C40,2C40,0,un,1
2,C40,2C40,0,un,0
2,C40,2C40,0,un,0
2,C40,2C40,0,un,0
2,I1,2I1,2,in,1
2,I1,2I1,2,in,1
2,I1,2I1,2,in,1
2,I1,2I1,2,in,1
2,I1,2I1,2,in,1
2,I1,2I1,2,in,1
2,I1,2I1,2,in,1
2,I1,2I1,2,in,1
2,I3,2I3,2,in,1
2,I3,2I3,2,in,1
2,I3,2I3,2,in,1
2,I3,2I3,2,in,1
2,I3,2I3,2,in,1
2,I3,2I3,2,in,1
2,I3,2I3,2,in,1
2,I3,2I3,2,in,1
2,I3,2I3,2,in,1
2,I3,2I3,2,in,1
2,I3,2I3,2,in,1
2,I5,2I5,2,in,1
2,I5,2I5,2,in,1
2,I5,2I5,2,in,1
2,I5,2I5,2,in,1
2,I5,2I5,2,in,1
2,I5,2I5,2,in,1
2,I5,2I5,2,in,1
2,I5,2I5,2,in,1
2,I5,2I5,2,in,1
2,I5,2I5,2,in,1
2,I7,2I7,2,in,1
2,I7,2I7,2,in,1
2,I7,2I7,2,in,1
2,I7,2I7,2,in,1
2,I7,2I7,2,in,1
2,I7,2I7,2,in,1
2,I7,2I7,2,in,1
2,I7,2I7,2,in,1
2,I7,2I7,2,in,0
2,I7,2I7,2,in,0
2,I8,2I8,2,in,1
2,I8,2I8,2,in,1
2,I8,2I8,2,in,1
2,I8,2I8,2,in,1
2,I8,2I8,2,in,1
2,I8,2I8,2,in,1
2,I8,2I8,2,in,1
2,I8,2I8,2,in,1
2,I8,2I8,2,in,0
2,I8,2I8,2,in,0
2,I12,2I12,2,in,1
2,I12,2I12,2,in,1
2,I12,2I12,2,in,1
2,I12,2I12,2,in,1
2,I13,2I13,1,ex,1
2,I13,2I13,1,ex,1
2,I13,2I13,1,ex,1
2,I13,2I13,1,ex,1
2,I13,2I13,1,ex,1
2,I13,2I13,1,ex,1
2,I13,2I13,1,ex,1
2,I13,2I13,1,ex,1
2,I13,2I13,1,ex,1
2,I13,2I13,1,ex,1
2,I14,2I14,2,in,1
2,I14,2I14,2,in,1
2,I14,2I14,2,in,1
2,I14,2I14,2,in,1
2,I14,2I14,2,in,1
2,I14,2I14,2,in,1
2,I14,2I14,2,in,1
2,I14,2I14,2,in,1
2,I14,2I14,2,in,1
2,I14,2I14,2,in,1
2,I15,2I15,2,in,1
2,I15,2I15,2,in,1
2,I15,2I15,2,in,1
2,I15,2I15,2,in,1
2,I15,2I15,2,in,1
2,I15,2I15,2,in,1
2,I15,2I15,2,in,1
2,I15,2I15,2,in,1
2,I15,2I15,2,in,1
2,I15,2I15,2,in,1
2,I15,2I15,2,in,1
2,I16,2I16,1,ex,1
2,I16,2I16,1,ex,1
2,I16,2I16,1,ex,1
2,I16,2I16,1,ex,1
2,I16,2I16,1,ex,1
2,I16,2I16,1,ex,1
2,I16,2I16,1,ex,1
2,I16,2I16,1,ex,1
2,I16,2I16,1,ex,1
2,I16,2I16,1,ex,1
2,I16,2I16,1,ex,1
2,I16,2I16,1,ex,1
2,I16,2I16,1,ex,1
2,I16,2I16,1,ex,1
2,I17,2I17,2,in,1
2,I17,2I17,2,in,1
2,I17,2I17,2,in,1
2,I17,2I17,2,in,1
2,I17,2I17,2,in,1
2,I17,2I17,2,in,1
2,I17,2I17,2,in,1
2,I17,2I17,2,in,1
2,I17,2I17,2,in,1
2,I17,2I17,2,in,0
2,I18,2I18,2,in,1
2,I18,2I18,2,in,1
2,I18,2I18,2,in,1
2,I18,2I18,2,in,1
2,I18,2I18,2,in,1
2,I18,2I18,2,in,1
2,I18,2I18,2,in,1
2,I18,2I18,2,in,1
2,I18,2I18,2,in,1
2,I18,2I18,2,in,1
2,I18,2I18,2,in,1
2,I18,2I18,2,in,1
2,I18,2I18,2,in,0
2,I20,2I20,2,in,1
2,I20,2I20,2,in,1
2,I20,2I20,2,in,1
2,I20,2I20,2,in,1
2,I20,2I20,2,in,1
2,I20,2I20,2,in,1
2,I20,2I20,2,in,1
2,I20,2I20,2,in,1
2,I20,2I20,2,in,1
2,I20,2I20,2,in,1
2,I22,2I22,2,in,1
2,I22,2I22,2,in,1
2,I22,2I22,2,in,1
2,I22,2I22,2,in,1
2,I22,2I22,2,in,1
2,I22,2I22,2,in,1
2,I22,2I22,2,in,1
2,I22,2I22,2,in,1
2,I22,2I22,2,in,1
2,I22,2I22,2,in,1
2,I24,2I24,2,in,1
2,I24,2I24,2,in,1
2,I24,2I24,2,in,1
2,I24,2I24,2,in,1
2,I24,2I24,2,in,1
2,I24,2I24,2,in,1
2,I24,2I24,2,in,1
2,I24,2I24,2,in,1
2,I24,2I24,2,in,1
2,I24,2I24,2,in,1
2,I24,2I24,2,in,0
2,I25,2I25,2,in,1
2,I25,2I25,2,in,1
2,I25,2I25,2,in,1
2,I25,2I25,2,in,1
2,I25,2I25,2,in,1
2,I25,2I25,2,in,1
2,I25,2I25,2,in,1
2,I25,2I25,2,in,1
2,I25,2I25,2,in,1
2,I26,2I26,1,ex,1
2,I26,2I26,1,ex,1
2,I26,2I26,1,ex,0
2,I26,2I26,1,ex,0
2,I26,2I26,1,ex,0
2,I26,2I26,1,ex,0
2,I26,2I26,1,ex,0
2,I26,2I26,1,ex,0
2,I26,2I26,1,ex,0
2,I26,2I26,1,ex,0
2,I27,2I27,2,in,1
2,I27,2I27,2,in,1
2,I27,2I27,2,in,1
2,I27,2I27,2,in,1
2,I27,2I27,2,in,1
2,I27,2I27,2,in,1
2,I27,2I27,2,in,1
2,I27,2I27,2,in,1
2,I27,2I27,2,in,1
2,I27,2I27,2,in,1
2,I27,2I27,2,in,1
2,I27,2I27,2,in,0
2,I27,2I27,2,in,0
2,I27,2I27,2,in,0
2,I28,2I28,2,in,1
2,I28,2I28,2,in,1
2,I28,2I28,2,in,1
2,I28,2I28,2,in,1
2,I28,2I28,2,in,1
2,I28,2I28,2,in,1
2,I28,2I28,2,in,1
2,I28,2I28,2,in,1
2,I28,2I28,2,in,1
2,I28,2I28,2,in,1
2,I28,2I28,2,in,1
2,I28,2I28,2,in,1
2,I28,2I28,2,in,1
2,I29,2I29,1,ex,1
2,I29,2I29,1,ex,1
2,I29,2I29,1,ex,1
2,I29,2I29,1,ex,1
2,I29,2I29,1,ex,1
2,I29,2I29,1,ex,1
2,I29,2I29,1,ex,1
2,I29,2I29,1,ex,1
2,I29,2I29,1,ex,0
2,I30,2I30,2,in,1
2,I30,2I30,2,in,0
2,I30,2I30,2,in,0
2,I30,2I30,2,in,0
2,I30,2I30,2,in,0
2,I30,2I30,2,in,0
2,I30,2I30,2,in,0
2,I30,2I30,2,in,0
2,I30,2I30,2,in,0
2,I30,2I30,2,in,0
2,I30,2I30,2,in,0
2,I30,2I30,2,in,0
2,I30,2I30,2,in,0
2,I31,2I31,2,in,1
2,I31,2I31,2,in,1
2,I31,2I31,2,in,1
2,I31,2I31,2,in,1
2,I31,2I31,2,in,1
2,I31,2I31,2,in,1
2,I31,2I31,2,in,1
2,I31,2I31,2,in,1
2,I31,2I31,2,in,1
2,I31,2I31,2,in,1
2,I32,2I32,2,in,1
2,I32,2I32,2,in,1
2,I32,2I32,2,in,1
2,I32,2I32,2,in,1
2,I32,2I32,2,in,1
2,I32,2I32,2,in,1
2,I32,2I32,2,in,1
2,I32,2I32,2,in,1
2,I32,2I32,2,in,1
2,I32,2I32,2,in,1
2,I32,2I32,2,in,1
2,I32,2I32,2,in,0
2,I32,2I32,2,in,0
2,I33,2I33,2,in,1
2,I33,2I33,2,in,1
2,I33,2I33,2,in,0
2,I33,2I33,2,in,0
2,I33,2I33,2,in,0
2,I33,2I33,2,in,0
2,I33,2I33,2,in,0
2,I33,2I33,2,in,0
2,I33,2I33,2,in,0
2,I33,2I33,2,in,0
2,I33,2I33,2,in,0
2,I33,2I33,2,in,0
2,I34,2I34,2,in,0
2,I34,2I34,2,in,0
2,I34,2I34,2,in,0
2,I34,2I34,2,in,0
2,I34,2I34,2,in,0
2,I34,2I34,2,in,0
2,I34,2I34,2,in,0
2,I34,2I34,2,in,0
2,I34,2I34,2,in,0
2,I34,2I34,2,in,0
2,I34,2I34,2,in,0
2,I34,2I34,2,in,0
2,I34,2I34,2,in,0
2,I35,2I35,2,in,1
2,I35,2I35,2,in,1
2,I35,2I35,2,in,1
2,I35,2I35,2,in,1
2,I35,2I35,2,in,1
2,I35,2I35,2,in,1
2,I35,2I35,2,in,1
2,I35,2I35,2,in,1
2,I35,2I35,2,in,1
2,I35,2I35,2,in,1
2,I35,2I35,2,in,1
2,I36,2I36,2,in,1
2,I36,2I36,2,in,1
2,I36,2I36,2,in,1
2,I36,2I36,2,in,1
2,I36,2I36,2,in,1
2,I36,2I36,2,in,1
2,I36,2I36,2,in,1
2,I36,2I36,2,in,1
2,I36,2I36,2,in,1
2,I36,2I36,2,in,1
2,I37,2I37,2,in,1
2,I37,2I37,2,in,1
2,I37,2I37,2,in,1
2,I37,2I37,2,in,1
2,I37,2I37,2,in,1
2,I37,2I37,2,in,1
2,I37,2I37,2,in,1
2,I37,2I37,2,in,1
2,I37,2I37,2,in,1
2,I37,2I37,2,in,0
2,I38,2I38,1,ex,1
2,I38,2I38,1,ex,1
2,I38,2I38,1,ex,1
2,I38,2I38,1,ex,1
2,I38,2I38,1,ex,1
2,I39,2I39,2,in,1
2,I39,2I39,2,in,1
2,I39,2I39,2,in,1
2,I39,2I39,2,in,1
2,I39,2I39,2,in,1
2,I39,2I39,2,in,1
2,I39,2I39,2,in,1
2,I39,2I39,2,in,1
2,I39,2I39,2,in,0
2,I40,2I40,2,in,1
2,I40,2I40,2,in,1
2,I40,2I40,2,in,1
2,I40,2I40,2,in,1
2,I40,2I40,2,in,1
2,I40,2I40,2,in,1
2,I41,2I41,2,in,1
2,I41,2I41,2,in,1
2,I41,2I41,2,in,1
2,I41,2I41,2,in,1
2,I41,2I41,2,in,1
2,I41,2I41,2,in,1
2,I41,2I41,2,in,0
2,I44,2I44,1,ex,1
2,I44,2I44,1,ex,1
2,I44,2I44,1,ex,1
2,I44,2I44,1,ex,1
2,I44,2I44,1,ex,1
2,I44,2I44,1,ex,1
2,I44,2I44,1,ex,1
2,I44,2I44,1,ex,1
2,I44,2I44,1,ex,1
2,I44,2I44,1,ex,1
2,I45,2I45,1,ex,1
2,I45,2I45,1,ex,1
2,I45,2I45,1,ex,1
2,I45,2I45,1,ex,1
2,I45,2I45,1,ex,1
2,I45,2I45,1,ex,1
2,I45,2I45,1,ex,1
2,I45,2I45,1,ex,1
2,I45,2I45,1,ex,1
2,I45,2I45,1,ex,0
2,I46,2I46,2,in,1
2,I46,2I46,2,in,1
2,I46,2I46,2,in,1
2,I46,2I46,2,in,1
2,I46,2I46,2,in,1
2,I46,2I46,2,in,1
2,I46,2I46,2,in,1
2,I46,2I46,2,in,1
2,I46,2I46,2,in,1
2,I46,2I46,2,in,0
2,I47,2I47,2,in,1
2,I47,2I47,2,in,1
2,I47,2I47,2,in,1
2,I47,2I47,2,in,1
2,I47,2I47,2,in,1
2,I47,2I47,2,in,1
2,I47,2I47,2,in,1
2,I47,2I47,2,in,1
2,I47,2I47,2,in,1
2,I47,2I47,2,in,0
2,I49,2I49,1,ex,1
2,I49,2I49,1,ex,1
2,I49,2I49,1,ex,1
2,I49,2I49,1,ex,1
2,I49,2I49,1,ex,1
2,I49,2I49,1,ex,1
2,I49,2I49,1,ex,1
2,I49,2I49,1,ex,1
2,I49,2I49,1,ex,1
2,I49,2I49,1,ex,1
2,I49,2I49,1,ex,1
2,I49,2I49,1,ex,1
2,I49,2I49,1,ex,1
2,I50,2I50,1,ex,1
2,I50,2I50,1,ex,1
2,I50,2I50,1,ex,1
2,I50,2I50,1,ex,1
2,I50,2I50,1,ex,1
2,I50,2I50,1,ex,1
2,I50,2I50,1,ex,1
2,I50,2I50,1,ex,1
2,I50,2I50,1,ex,1
2,I50,2I50,1,ex,1
2,I50,2I50,1,ex,1
2,I50,2I50,1,ex,1
2,I50,2I50,1,ex,1
2,I50,2I50,1,ex,0
3,C4,3C4,0,un,1
3,C4,3C4,0,un,1
3,C4,3C4,0,un,1
3,C4,3C4,0,un,1
3,C4,3C4,0,un,1
3,C4,3C4,0,un,1
3,C4,3C4,0,un,1
3,C4,3C4,0,un,1
3,C4,3C4,0,un,1
3,C4,3C4,0,un,1
3,C4,3C4,0,un,1
3,C4,3C4,0,un,1
3,C4,3C4,0,un,1
3,C4,3C4,0,un,1
3,C4,3C4,0,un,1
3,C8,3C8,0,un,1
3,C8,3C8,0,un,1
3,C8,3C8,0,un,1
3,C8,3C8,0,un,1
3,C8,3C8,0,un,1
3,C8,3C8,0,un,1
3,C8,3C8,0,un,1
3,C8,3C8,0,un,1
3,C8,3C8,0,un,1
3,C8,3C8,0,un,1
3,C8,3C8,0,un,0
3,C9,3C9,0,un,1
3,C9,3C9,0,un,1
3,C9,3C9,0,un,1
3,C9,3C9,0,un,1
3,C9,3C9,0,un,1
3,C10,3C10,0,un,1
3,C10,3C10,0,un,1
3,C10,3C10,0,un,1
3,C10,3C10,0,un,1
3,C10,3C10,0,un,1
3,C10,3C10,0,un,1
3,C10,3C10,0,un,1
3,C10,3C10,0,un,1
3,C10,3C10,0,un,0
3,C10,3C10,0,un,0
3,C11,3C11,0,un,1
3,C11,3C11,0,un,1
3,C11,3C11,0,un,1
3,C11,3C11,0,un,1
3,C11,3C11,0,un,1
3,C11,3C11,0,un,1
3,C11,3C11,0,un,0
3,C11,3C11,0,un,0
3,C11,3C11,0,un,0
3,C11,3C11,0,un,0
3,C12,3C12,0,un,1
3,C12,3C12,0,un,1
3,C12,3C12,0,un,1
3,C12,3C12,0,un,1
3,C12,3C12,0,un,1
3,C12,3C12,0,un,1
3,C12,3C12,0,un,1
3,C12,3C12,0,un,1
3,C12,3C12,0,un,0
3,C12,3C12,0,un,0
3,C15,3C15,0,un,1
3,C15,3C15,0,un,1
3,C15,3C15,0,un,1
3,C15,3C15,0,un,1
3,C15,3C15,0,un,1
3,C15,3C15,0,un,1
3,C15,3C15,0,un,1
3,C15,3C15,0,un,1
3,C15,3C15,0,un,1
3,C15,3C15,0,un,1
3,C16,3C16,0,un,1
3,C16,3C16,0,un,1
3,C16,3C16,0,un,1
3,C16,3C16,0,un,1
3,C16,3C16,0,un,1
3,C16,3C16,0,un,1
3,C16,3C16,0,un,1
3,C16,3C16,0,un,1
3,C16,3C16,0,un,1
3,C16,3C16,0,un,1
3,C17,3C17,0,un,1
3,C17,3C17,0,un,1
3,C17,3C17,0,un,1
3,C17,3C17,0,un,1
3,C17,3C17,0,un,1
3,C17,3C17,0,un,1
3,C17,3C17,0,un,1
3,C17,3C17,0,un,1
3,C17,3C17,0,un,1
3,C17,3C17,0,un,1
3,C17,3C17,0,un,1
3,C18,3C18,0,un,1
3,C18,3C18,0,un,1
3,C18,3C18,0,un,1
3,C18,3C18,0,un,1
3,C18,3C18,0,un,1
3,C18,3C18,0,un,1
3,C18,3C18,0,un,1
3,C18,3C18,0,un,1
3,C18,3C18,0,un,1
3,C18,3C18,0,un,1
3,C18,3C18,0,un,1
3,C18,3C18,0,un,1
3,C19,3C19,0,un,1
3,C19,3C19,0,un,1
3,C19,3C19,0,un,1
3,C19,3C19,0,un,1
3,C19,3C19,0,un,1
3,C19,3C19,0,un,1
3,C19,3C19,0,un,1
3,C19,3C19,0,un,1
3,C19,3C19,0,un,0
3,C19,3C19,0,un,0
3,C19,3C19,0,un,0
3,C19,3C19,0,un,0
3,C20,3C20,0,un,1
3,C20,3C20,0,un,1
3,C20,3C20,0,un,1
3,C20,3C20,0,un,1
3,C20,3C20,0,un,1
3,C20,3C20,0,un,1
3,C20,3C20,0,un,1
3,C20,3C20,0,un,1
3,C20,3C20,0,un,1
3,C20,3C20,0,un,1
3,C20,3C20,0,un,1
3,C20,3C20,0,un,1
3,C20,3C20,0,un,1
3,C20,3C20,0,un,1
3,C20,3C20,0,un,1
3,C21,3C21,0,un,1
3,C21,3C21,0,un,1
3,C21,3C21,0,un,1
3,C21,3C21,0,un,1
3,C21,3C21,0,un,1
3,C21,3C21,0,un,1
3,C21,3C21,0,un,1
3,C21,3C21,0,un,1
3,C21,3C21,0,un,1
3,C21,3C21,0,un,1
3,C21,3C21,0,un,1
3,C21,3C21,0,un,1
3,C21,3C21,0,un,1
3,C21,3C21,0,un,1
3,C21,3C21,0,un,1
3,C21,3C21,0,un,1
3,C21,3C21,0,un,1
3,C21,3C21,0,un,1
3,C21,3C21,0,un,1
3,C21,3C21,0,un,1
3,C21,3C21,0,un,1
3,C21,3C21,0,un,1
3,C21,3C21,0,un,1
3,C21,3C21,0,un,1
3,C21,3C21,0,un,1
3,C21,3C21,0,un,1
3,C21,3C21,0,un,1
3,C21,3C21,0,un,0
3,C21,3C21,0,un,0
3,C22,3C22,0,un,1
3,C22,3C22,0,un,1
3,C22,3C22,0,un,1
3,C22,3C22,0,un,1
3,C22,3C22,0,un,1
3,C22,3C22,0,un,1
3,C22,3C22,0,un,1
3,C22,3C22,0,un,1
3,C22,3C22,0,un,1
3,C22,3C22,0,un,1
3,C22,3C22,0,un,1
3,C22,3C22,0,un,1
3,C22,3C22,0,un,1
3,C22,3C22,0,un,1
3,C23,3C23,0,un,1
3,C23,3C23,0,un,1
3,C23,3C23,0,un,1
3,C23,3C23,0,un,1
3,C23,3C23,0,un,1
3,C23,3C23,0,un,1
3,C23,3C23,0,un,1
3,C23,3C23,0,un,1
3,C23,3C23,0,un,1
3,C23,3C23,0,un,1
3,C23,3C23,0,un,1
3,C23,3C23,0,un,1
3,C23,3C23,0,un,1
3,C23,3C23,0,un,1
3,C23,3C23,0,un,1
3,C23,3C23,0,un,1
3,C23,3C23,0,un,1
3,C23,3C23,0,un,1
3,C25,3C25,0,un,1
3,C25,3C25,0,un,1
3,C25,3C25,0,un,1
3,C25,3C25,0,un,1
3,C25,3C25,0,un,1
3,C25,3C25,0,un,0
3,C26,3C26,0,un,1
3,C26,3C26,0,un,1
3,C26,3C26,0,un,1
3,C26,3C26,0,un,1
3,C26,3C26,0,un,1
3,C26,3C26,0,un,1
3,C28,3C28,0,un,1
3,C28,3C28,0,un,1
3,C28,3C28,0,un,1
3,C28,3C28,0,un,1
3,C28,3C28,0,un,1
3,C28,3C28,0,un,1
3,C28,3C28,0,un,1
3,C28,3C28,0,un,1
3,C28,3C28,0,un,1
3,C28,3C28,0,un,1
3,C28,3C28,0,un,1
3,C30,3C30,0,un,1
3,C30,3C30,0,un,1
3,C30,3C30,0,un,1
3,C30,3C30,0,un,1
3,C30,3C30,0,un,1
3,C30,3C30,0,un,1
3,C30,3C30,0,un,1
3,C30,3C30,0,un,1
3,C30,3C30,0,un,1
3,C30,3C30,0,un,1
3,C30,3C30,0,un,1
3,C30,3C30,0,un,1
3,C30,3C30,0,un,1
3,C30,3C30,0,un,1
3,C30,3C30,0,un,1
3,C33,3C33,0,un,1
3,C33,3C33,0,un,1
3,C33,3C33,0,un,1
3,C33,3C33,0,un,1
3,C33,3C33,0,un,1
3,C33,3C33,0,un,1
3,C33,3C33,0,un,1
3,C33,3C33,0,un,1
3,C33,3C33,0,un,1
3,C33,3C33,0,un,1
3,C33,3C33,0,un,1
3,C33,3C33,0,un,0
3,C34,3C34,0,un,1
3,C34,3C34,0,un,1
3,C34,3C34,0,un,1
3,C34,3C34,0,un,1
3,C34,3C34,0,un,1
3,C34,3C34,0,un,1
3,C34,3C34,0,un,1
3,C34,3C34,0,un,1
3,C34,3C34,0,un,1
3,C34,3C34,0,un,1
3,C34,3C34,0,un,0
3,C35,3C35,0,un,1
3,C35,3C35,0,un,1
3,C35,3C35,0,un,1
3,C35,3C35,0,un,1
3,C35,3C35,0,un,1
3,C35,3C35,0,un,1
3,C35,3C35,0,un,1
3,C35,3C35,0,un,1
3,C35,3C35,0,un,1
3,C35,3C35,0,un,1
3,C35,3C35,0,un,0
3,C35,3C35,0,un,0
3,C36,3C36,0,un,1
3,C36,3C36,0,un,1
3,C36,3C36,0,un,1
3,C36,3C36,0,un,1
3,C36,3C36,0,un,1
3,C36,3C36,0,un,1
3,C36,3C36,0,un,1
3,C36,3C36,0,un,1
3,C36,3C36,0,un,1
3,C36,3C36,0,un,1
3,C38,3C38,0,un,1
3,C38,3C38,0,un,1
3,C38,3C38,0,un,1
3,C38,3C38,0,un,1
3,C38,3C38,0,un,1
3,C38,3C38,0,un,1
3,C38,3C38,0,un,1
3,C38,3C38,0,un,1
3,C38,3C38,0,un,1
3,C38,3C38,0,un,1
3,C38,3C38,0,un,1
3,C38,3C38,0,un,1
3,C38,3C38,0,un,1
3,C40,3C40,0,un,1
3,C40,3C40,0,un,1
3,C40,3C40,0,un,1
3,C40,3C40,0,un,1
3,C40,3C40,0,un,1
3,C40,3C40,0,un,1
3,C40,3C40,0,un,1
3,C40,3C40,0,un,0
3,C40,3C40,0,un,0
3,I1,3I1,2,in,0
3,I1,3I1,2,in,0
3,I1,3I1,2,in,0
3,I1,3I1,2,in,0
3,I1,3I1,2,in,0
3,I1,3I1,2,in,0
3,I1,3I1,2,in,0
3,I1,3I1,2,in,0
3,I1,3I1,2,in,0
3,I3,3I3,2,in,1
3,I3,3I3,2,in,1
3,I3,3I3,2,in,1
3,I3,3I3,2,in,1
3,I3,3I3,2,in,1
3,I3,3I3,2,in,1
3,I3,3I3,2,in,1
3,I3,3I3,2,in,1
3,I3,3I3,2,in,1
3,I3,3I3,2,in,0
3,I4,3I4,2,in,1
3,I4,3I4,2,in,1
3,I4,3I4,2,in,1
3,I4,3I4,2,in,1
3,I4,3I4,2,in,1
3,I4,3I4,2,in,1
3,I4,3I4,2,in,1
3,I4,3I4,2,in,1
3,I4,3I4,2,in,1
3,I4,3I4,2,in,0
3,I5,3I5,2,in,1
3,I5,3I5,2,in,1
3,I5,3I5,2,in,1
3,I5,3I5,2,in,1
3,I5,3I5,2,in,1
3,I5,3I5,2,in,1
3,I5,3I5,2,in,1
3,I5,3I5,2,in,1
3,I5,3I5,2,in,1
3,I5,3I5,2,in,1
3,I5,3I5,2,in,1
3,I5,3I5,2,in,1
3,I6,3I6,2,in,1
3,I6,3I6,2,in,1
3,I6,3I6,2,in,1
3,I6,3I6,2,in,1
3,I6,3I6,2,in,1
3,I6,3I6,2,in,1
3,I6,3I6,2,in,1
3,I6,3I6,2,in,1
3,I6,3I6,2,in,1
3,I6,3I6,2,in,0
3,I7,3I7,2,in,1
3,I7,3I7,2,in,1
3,I7,3I7,2,in,1
3,I7,3I7,2,in,1
3,I7,3I7,2,in,1
3,I7,3I7,2,in,1
3,I7,3I7,2,in,1
3,I7,3I7,2,in,1
3,I7,3I7,2,in,1
3,I7,3I7,2,in,1
3,I7,3I7,2,in,1
3,I7,3I7,2,in,1
3,I7,3I7,2,in,0
3,I12,3I12,2,in,1
3,I12,3I12,2,in,1
3,I12,3I12,2,in,1
3,I12,3I12,2,in,1
3,I12,3I12,2,in,1
3,I12,3I12,2,in,1
3,I12,3I12,2,in,1
3,I12,3I12,2,in,1
3,I12,3I12,2,in,0
3,I12,3I12,2,in,0
3,I13,3I13,1,ex,1
3,I13,3I13,1,ex,1
3,I13,3I13,1,ex,1
3,I13,3I13,1,ex,1
3,I13,3I13,1,ex,1
3,I13,3I13,1,ex,1
3,I13,3I13,1,ex,1
3,I13,3I13,1,ex,1
3,I13,3I13,1,ex,1
3,I13,3I13,1,ex,1
3,I14,3I14,2,in,1
3,I14,3I14,2,in,1
3,I14,3I14,2,in,1
3,I14,3I14,2,in,1
3,I14,3I14,2,in,1
3,I14,3I14,2,in,1
3,I14,3I14,2,in,0
3,I14,3I14,2,in,0
3,I15,3I15,2,in,1
3,I15,3I15,2,in,1
3,I15,3I15,2,in,1
3,I15,3I15,2,in,1
3,I15,3I15,2,in,1
3,I15,3I15,2,in,1
3,I15,3I15,2,in,1
3,I15,3I15,2,in,1
3,I15,3I15,2,in,1
3,I15,3I15,2,in,1
3,I15,3I15,2,in,1
3,I15,3I15,2,in,1
3,I15,3I15,2,in,1
3,I15,3I15,2,in,1
3,I15,3I15,2,in,0
3,I16,3I16,1,ex,1
3,I16,3I16,1,ex,1
3,I16,3I16,1,ex,1
3,I16,3I16,1,ex,1
3,I16,3I16,1,ex,1
3,I16,3I16,1,ex,1
3,I16,3I16,1,ex,1
3,I16,3I16,1,ex,1
3,I16,3I16,1,ex,1
3,I16,3I16,1,ex,0
3,I17,3I17,2,in,1
3,I17,3I17,2,in,1
3,I17,3I17,2,in,1
3,I17,3I17,2,in,1
3,I17,3I17,2,in,1
3,I17,3I17,2,in,1
3,I17,3I17,2,in,1
3,I17,3I17,2,in,1
3,I17,3I17,2,in,1
3,I17,3I17,2,in,0
3,I18,3I18,2,in,1
3,I18,3I18,2,in,1
3,I18,3I18,2,in,1
3,I18,3I18,2,in,1
3,I18,3I18,2,in,1
3,I18,3I18,2,in,1
3,I18,3I18,2,in,1
3,I18,3I18,2,in,1
3,I18,3I18,2,in,1
3,I18,3I18,2,in,0
3,I20,3I20,2,in,1
3,I20,3I20,2,in,1
3,I20,3I20,2,in,1
3,I20,3I20,2,in,1
3,I20,3I20,2,in,1
3,I20,3I20,2,in,1
3,I20,3I20,2,in,1
3,I20,3I20,2,in,1
3,I20,3I20,2,in,1
3,I20,3I20,2,in,1
3,I20,3I20,2,in,1
3,I20,3I20,2,in,1
3,I20,3I20,2,in,0
3,I22,3I22,2,in,1
3,I22,3I22,2,in,1
3,I22,3I22,2,in,1
3,I22,3I22,2,in,1
3,I22,3I22,2,in,1
3,I22,3I22,2,in,1
3,I22,3I22,2,in,1
3,I22,3I22,2,in,1
3,I22,3I22,2,in,1
3,I22,3I22,2,in,1
3,I25,3I25,2,in,1
3,I25,3I25,2,in,1
3,I25,3I25,2,in,1
3,I25,3I25,2,in,1
3,I25,3I25,2,in,1
3,I25,3I25,2,in,1
3,I25,3I25,2,in,0
3,I25,3I25,2,in,0
3,I25,3I25,2,in,0
3,I25,3I25,2,in,0
3,I25,3I25,2,in,0
3,I26,3I26,1,ex,1
3,I26,3I26,1,ex,1
3,I26,3I26,1,ex,1
3,I26,3I26,1,ex,1
3,I26,3I26,1,ex,1
3,I26,3I26,1,ex,1
3,I26,3I26,1,ex,1
3,I26,3I26,1,ex,1
3,I26,3I26,1,ex,1
3,I26,3I26,1,ex,1
3,I26,3I26,1,ex,0
3,I27,3I27,2,in,1
3,I27,3I27,2,in,1
3,I27,3I27,2,in,1
3,I27,3I27,2,in,1
3,I27,3I27,2,in,1
3,I27,3I27,2,in,1
3,I27,3I27,2,in,1
3,I27,3I27,2,in,1
3,I27,3I27,2,in,0
3,I27,3I27,2,in,0
3,I27,3I27,2,in,0
3,I27,3I27,2,in,0
3,I27,3I27,2,in,0
3,I27,3I27,2,in,0
3,I29,3I29,1,ex,1
3,I29,3I29,1,ex,1
3,I29,3I29,1,ex,1
3,I29,3I29,1,ex,1
3,I29,3I29,1,ex,1
3,I29,3I29,1,ex,1
3,I29,3I29,1,ex,1
3,I29,3I29,1,ex,1
3,I29,3I29,1,ex,1
3,I29,3I29,1,ex,1
3,I30,3I30,2,in,1
3,I30,3I30 ,2,in,1
3,I30,3I30,2,in,1
3,I30,3I30,2,in,1
3,I30,3I30,2,in,1
3,I30,3I30,2,in,1
3,I30,3I30,2,in,1
3,I30,3I30,2,in,1
3,I30,3I30,2,in,1
3,I30,3I30,2,in,0
3,I30,3I30,2,in,0
3,I31,3I31,2,in,1
3,I31,3I31,2,in,1
3,I31,3I31,2,in,1
3,I31,3I31,2,in,1
3,I31,3I31,2,in,1
3,I31,3I31,2,in,1
3,I31,3I31,2,in,1
3,I31,3I31,2,in,1
3,I31,3I31,2,in,1
3,I31,3I31,2,in,1
3,I31,3I31,2,in,1
3,I31,3I31,2,in,1
3,I32,3I32,2,in,1
3,I32,3I32,2,in,1
3,I32,3I32,2,in,1
3,I32,3I32,2,in,1
3,I32,3I32,2,in,1
3,I32,3I32,2,in,1
3,I32,3I32,2,in,1
3,I32,3I32,2,in,1
3,I32,3I32,2,in,1
3,I32,3I32,2,in,1
3,I32,3I32,2,in,1
3,I33,3I33,2,in,1
3,I33,3I33,2,in,1
3,I33,3I33,2,in,1
3,I33,3I33,2,in,1
3,I33,3I33,2,in,1
3,I33,3I33,2,in,1
3,I33,3I33,2,in,1
3,I33,3I33,2,in,1
3,I33,3I33,2,in,1
3,I34,3I34,2,in,1
3,I34,3I34,2,in,1
3,I34,3I34,2,in,1
3,I34,3I34,2,in,1
3,I34,3I34,2,in,1
3,I34,3I34,2,in,1
3,I34,3I34,2,in,1
3,I34,3I34,2,in,1
3,I34,3I34,2,in,1
3,I34,3I34,2,in,0
3,I35,3I35,2,in,1
3,I35,3I35,2,in,1
3,I35,3I35,2,in,1
3,I35,3I35,2,in,1
3,I35,3I35,2,in,1
3,I35,3I35,2,in,1
3,I35,3I35,2,in,1
3,I35,3I35,2,in,1
3,I35,3I35,2,in,1
3,I35,3I35,2,in,1
3,I35,3I35,2,in,1
3,I35,3I35,2,in,1
3,I36,3I36,2,in,1
3,I36,3I36,2,in,1
3,I36,3I36,2,in,1
3,I36,3I36,2,in,1
3,I36,3I36,2,in,1
3,I36,3I36,2,in,1
3,I36,3I36,2,in,1
3,I36,3I36,2,in,1
3,I36,3I36,2,in,1
3,I36,3I36,2,in,1
3,I36,3I36,2,in,1
3,I37,3I37,2,in,1
3,I37,3I37,2,in,1
3,I37,3I37,2,in,1
3,I37,3I37,2,in,1
3,I37,3I37,2,in,1
3,I37,3I37,2,in,1
3,I37,3I37,2,in,1
3,I37,3I37,2,in,1
3,I37,3I37,2,in,1
3,I37,3I37,2,in,1
3,I38,3I38,1,ex,1
3,I38,3I38,1,ex,1
3,I38,3I38,1,ex,1
3,I38,3I38,1,ex,1
3,I38,3I38,1,ex,1
3,I38,3I38,1,ex,1
3,I38,3I38,1,ex,1
3,I38,3I38,1,ex,1
3,I38,3I38,1,ex,0
3,I39,3I39,2,in,1
3,I39,3I39,2,in,1
3,I39,3I39,2,in,1
3,I39,3I39,2,in,1
3,I39,3I39,2,in,1
3,I39,3I39,2,in,1
3,I39,3I39,2,in,1
3,I39,3I39,2,in,1
3,I39,3I39,2,in,0
3,I39,3I39,2,in,0
3,I40,3I40,2,in,1
3,I40,3I40,2,in,1
3,I40,3I40,2,in,1
3,I40,3I40,2,in,1
3,I40,3I40,2,in,1
3,I40,3I40,2,in,1
3,I40,3I40,2,in,1
3,I40,3I40,2,in,1
3,I40,3I40,2,in,1
3,I40,3I40,2,in,1
3,I40,3I40,2,in,0
3,I41,3I41,2,in,1
3,I41,3I41,2,in,1
3,I41,3I41,2,in,1
3,I41,3I41,2,in,1
3,I41,3I41,2,in,1
3,I41,3I41,2,in,1
3,I41,3I41,2,in,1
3,I41,3I41,2,in,1
3,I41,3I41,2,in,1
3,I41,3I41,2,in,0
3,I44,3I44,1,ex,1
3,I44,3I44,1,ex,1
3,I44,3I44,1,ex,1
3,I44,3I44,1,ex,1
3,I44,3I44,1,ex,1
3,I44,3I44,1,ex,1
3,I44,3I44,1,ex,1
3,I44,3I44,1,ex,1
3,I44,3I44,1,ex,1
3,I44,3I44,1,ex,1
3,I44,3I44,1,ex,1
3,I44,3I44,1,ex,1
3,I45,3I45,1,ex,1
3,I45,3I45,1,ex,1
3,I45,3I45,1,ex,1
3,I45,3I45,1,ex,1
3,I45,3I45,1,ex,1
3,I45,3I45,1,ex,1
3,I45,3I45,1,ex,1
3,I45,3I45,1,ex,1
3,I45,3I45,1,ex,1
3,I46,3I46,2,in,1
3,I46,3I46,2,in,1
3,I46,3I46,2,in,1
3,I46,3I46,2,in,1
3,I46,3I46,2,in,1
3,I46,3I46,2,in,1
3,I46,3I46,2,in,1
3,I46,3I46,2,in,1
3,I46,3I46,2,in,1
3,I46,3I46,2,in,1
3,I46,3I46,2,in,1
3,I46,3I46,2,in,1
3,I49,3I49,1,ex,1
3,I49,3I49,1,ex,1
3,I49,3I49,1,ex,1
3,I49,3I49,1,ex,1
3,I49,3I49,1,ex,1
3,I49,3I49,1,ex,1
3,I49,3I49,1,ex,1
3,I49,3I49,1,ex,1
3,I49,3I49,1,ex,1
3,I49,3I49,1,ex,1
3,I49,3I49,1,ex,1
3,I49,3I49,1,ex,1
3,I49,3I49,1,ex,1
3,I49,3I49,1,ex,1
3,I49,3I49,1,ex,1
3,I49,3I49,1,ex,1
3,I49,3I49,1,ex,1
3,I49,3I49,1,ex,1
3,I49,3I49,1,ex,1
3,I49,3I49,1,ex,1
3,I50,3I50,1,ex,1
3,I50,3I50,1,ex,1
3,I50,3I50,1,ex,1
3,I50,3I50,1,ex,1
3,I50,3I50,1,ex,1
3,I50,3I50,1,ex,1
3,I50,3I50,1,ex,1
3,I50,3I50,1,ex,1
3,I50,3I50,1,ex,1
3,I50,3I50,1,ex,1
3,I50,3I50,1,ex,1
3,I50,3I50,1,ex,1
3,I50,3I50,1,ex,0
3,I50,3I50,1,ex,0
3,I50,3I50,1,ex,0
3,I50,3I50,1,ex,0
4,C4,4C4,0,un,1
4,C4,4C4,0,un,1
4,C4,4C4,0,un,1
4,C4,4C4,0,un,1
4,C4,4C4,0,un,1
4,C4,4C4,0,un,1
4,C4,4C4,0,un,1
4,C4,4C4,0,un,1
4,C4,4C4,0,un,1
4,C4,4C4,0,un,1
4,C4,4C4,0,un,1
4,C4,4C4,0,un,1
4,C4,4C4,0,un,1
4,C5,4C5,0,un,1
4,C5,4C5,0,un,1
4,C5,4C5,0,un,1
4,C5,4C5,0,un,1
4,C5,4C5,0,un,1
4,C5,4C5,0,un,1
4,C5,4C5,0,un,1
4,C5,4C5,0,un,0
4,C8,4C8,0,un,1
4,C8,4C8,0,un,1
4,C8,4C8,0,un,1
4,C8,4C8,0,un,1
4,C8,4C8,0,un,1
4,C8,4C8,0,un,1
4,C8,4C8,0,un,1
4,C8,4C8,0,un,1
4,C8,4C8,0,un,1
4,C8,4C8,0,un,1
4,C8,4C8,0,un,1
4,C8,4C8,0,un,1
4,C8,4C8,0,un,1
4,C8,4C8,0,un,1
4,C8,4C8,0,un,1
4,C8,4C8,0,un,1
4,C8,4C8,0,un,1
4,C8,4C8,0,un,1
4,C8,4C8,0,un,0
4,C8,4C8,0,un,0
4,C10,4C10,0,un,1
4,C10,4C10,0,un,1
4,C10,4C10,0,un,1
4,C10,4C10,0,un,1
4,C10,4C10,0,un,1
4,C10,4C10,0,un,1
4,C10,4C10,0,un,1
4,C10,4C10,0,un,1
4,C10,4C10,0,un,1
4,C10,4C10,0,un,1
4,C10,4C10,0,un,1
4,C10,4C10,0,un,1
4,C10,4C10,0,un,1
4,C15,4C15,0,un,1
4,C15,4C15,0,un,1
4,C15,4C15,0,un,1
4,C15,4C15,0,un,1
4,C15,4C15,0,un,1
4,C15,4C15,0,un,1
4,C15,4C15,0,un,1
4,C15,4C15,0,un,1
4,C15,4C15,0,un,1
4,C15,4C15,0,un,1
4,C15,4C15,0,un,1
4,C15,4C15,0,un,1
4,C15,4C15,0,un,1
4,C15,4C15,0,un,1
4,C15,4C15,0,un,1
4,C15,4C15,0,un,1
4,C15,4C15,0,un,1
4,C15,4C15,0,un,1
4,C15,4C15,0,un,1
4,C15,4C15,0,un,1
4,C16,4C16,0,un,1
4,C16,4C16,0,un,1
4,C16,4C16,0,un,1
4,C16,4C16,0,un,1
4,C16,4C16,0,un,1
4,C16,4C16,0,un,1
4,C16,4C16,0,un,1
4,C16,4C16,0,un,1
4,C16,4C16,0,un,1
4,C16,4C16,0,un,1
4,C16,4C16,0,un,1
4,C16,4C16,0,un,1
4,C17,4C17,0,un,1
4,C17,4C17,0,un,1
4,C17,4C17,0,un,1
4,C17,4C17,0,un,1
4,C17,4C17,0,un,1
4,C17,4C17,0,un,1
4,C17,4C17,0,un,1
4,C17,4C17,0,un,1
4,C17,4C17,0,un,1
4,C18,4C18,0,un,1
4,C18,4C18,0,un,1
4,C18,4C18,0,un,1
4,C18,4C18,0,un,1
4,C18,4C18,0,un,1
4,C18,4C18,0,un,1
4,C18,4C18,0,un,1
4,C18,4C18,0,un,1
4,C18,4C18,0,un,1
4,C20,4C20,0,un,1
4,C20,4C20,0,un,1
4,C20,4C20,0,un,1
4,C20,4C20,0,un,1
4,C20,4C20,0,un,1
4,C20,4C20,0,un,1
4,C20,4C20,0,un,1
4,C20,4C20,0,un,1
4,C20,4C20,0,un,1
4,C20,4C20,0,un,1
4,C20,4C20,0,un,1
4,C20,4C20,0,un,1
4,C21,4C21,0,un,1
4,C21,4C21,0,un,1
4,C21,4C21,0,un,1
4,C21,4C21,0,un,1
4,C21,4C21,0,un,1
4,C21,4C21,0,un,1
4,C21,4C21,0,un,1
4,C21,4C21,0,un,1
4,C21,4C21,0,un,1
4,C21,4C21,0,un,1
4,C21,4C21,0,un,1
4,C21,4C21,0,un,1
4,C21,4C21,0,un,1
4,C21,4C21,0,un,1
4,C21,4C21,0,un,1
4,C21,4C21,0,un,1
4,C21,4C21,0,un,0
4,C21,4C21,0,un,0
4,C21,4C21,0,un,0
4,C21,4C21,0,un,0
4,C22,4C22,0,un,1
4,C22,4C22,0,un,1
4,C22,4C22,0,un,1
4,C22,4C22,0,un,1
4,C22,4C22,0,un,1
4,C22,4C22,0,un,1
4,C22,4C22,0,un,1
4,C22,4C22,0,un,1
4,C22,4C22,0,un,1
4,C25,4C25,0,un,1
4,C25,4C25,0,un,1
4,C25,4C25,0,un,1
4,C25,4C25,0,un,1
4,C25,4C25,0,un,1
4,C25,4C25,0,un,1
4,C25,4C25,0,un,1
4,C25,4C25,0,un,1
4,C25,4C25,0,un,1
4,C25,4C25,0,un,1
4,C25,4C25,0,un,1
4,C28,4C28,0,un,1
4,C28,4C28,0,un,1
4,C28,4C28,0,un,1
4,C28,4C28,0,un,1
4,C28,4C28,0,un,1
4,C28,4C28,0,un,1
4,C28,4C28,0,un,1
4,C28,4C28,0,un,1
4,C28,4C28,0,un,1
4,C28,4C28,0,un,1
4,C28,4C28,0,un,1
4,C28,4C28,0,un,0
4,C33,4C33,0,un,1
4,C33,4C33,0,un,1
4,C33,4C33,0,un,1
4,C33,4C33,0,un,1
4,C33,4C33,0,un,1
4,C33,4C33,0,un,1
4,C33,4C33,0,un,1
4,C33,4C33,0,un,1
4,C33,4C33,0,un,1
4,C33,4C33,0,un,1
4,C33,4C33,0,un,1
4,C33,4C33,0,un,1
4,C33,4C33,0,un,1
4,C33,4C33,0,un,1
4,C33,4C33,0,un,1
4,C33,4C33,0,un,1
4,C33,4C33,0,un,1
4,C33,4C33,0,un,0
4,C34,4C34,0,un,1
4,C34,4C34,0,un,1
4,C34,4C34,0,un,1
4,C34,4C34,0,un,1
4,C34,4C34,0,un,1
4,C34,4C34,0,un,1
4,C34,4C34,0,un,1
4,C34,4C34,0,un,1
4,C34,4C34,0,un,1
4,C34,4C34,0,un,1
4,C35,4C35,0,un,1
4,C35,4C35,0,un,1
4,C35,4C35,0,un,1
4,C35,4C35,0,un,1
4,C35,4C35,0,un,1
4,C35,4C35,0,un,1
4,C35,4C35,0,un,1
4,C35,4C35,0,un,0
4,C35,4C35,0,un,0
4,C35,4C35,0,un,0
4,C36,4C36,0,un,1
4,C36,4C36,0,un,1
4,C36,4C36,0,un,1
4,C36,4C36,0,un,1
4,C36,4C36,0,un,1
4,C36,4C36,0,un,1
4,C36,4C36,0,un,1
4,C36,4C36,0,un,1
4,C36,4C36,0,un,1
4,C36,4C36,0,un,1
4,C36,4C36,0,un,1
4,C36,4C36,0,un,1
4,C36,4C36,0,un,1
4,C36,4C36,0,un,0
4,C37,4C37,0,un,1
4,C37,4C37,0,un,1
4,C37,4C37,0,un,1
4,C37,4C37,0,un,1
4,C37,4C37,0,un,1
4,C37,4C37,0,un,1
4,C37,4C37,0,un,1
4,C37,4C37,0,un,1
4,C37,4C37,0,un,1
4,C37,4C37,0,un,1
4,C38,4C38,0,un,1
4,C38,4C38,0,un,1
4,C38,4C38,0,un,1
4,C38,4C38,0,un,1
4,C38,4C38,0,un,1
4,C38,4C38,0,un,1
4,C38,4C38,0,un,1
4,C38,4C38,0,un,1
4,C38,4C38,0,un,1
4,C38,4C38,0,un,1
4,C38,4C38,0,un,1
4,C38,4C38,0,un,1
4,C38,4C38,0,un,1
4,C38,4C38,0,un,1
4,C38,4C38,0,un,1
4,C40,4C40,0,un,1
4,C40,4C40,0,un,1
4,C40,4C40,0,un,1
4,C40,4C40,0,un,1
4,C40,4C40,0,un,1
4,C40,4C40,0,un,1
4,C40,4C40,0,un,1
4,C40,4C40,0,un,1
4,C40,4C40,0,un,1
4,C40,4C40,0,un,1
4,C40,4C40,0,un,1
4,C40,4C40,0,un,1
4,C40,4C40,0,un,0
4,C40,4C40,0,un,0
4,I4,4I4,2,in,1
4,I4,4I4,2,in,1
4,I4,4I4,2,in,1
4,I10,4I10,1,ex,1
4,I10,4I10,1,ex,1
4,I10,4I10,1,ex,1
4,I10,4I10,1,ex,1
4,I10,4I10,1,ex,1
4,I10,4I10,1,ex,1
4,I10,4I10,1,ex,1
4,I10,4I10,1,ex,1
4,I10,4I10,1,ex,1
4,I10,4I10,1,ex,1
4,I10,4I10,1,ex,1
4,I10,4I10,1,ex,0
4,I10,4I10,1,ex,0
4,I10,4I10,1,ex,0
4,I13,4I13,1,ex,1
4,I13,4I13,1,ex,1
4,I13,4I13,1,ex,1
4,I13,4I13,1,ex,1
4,I13,4I13,1,ex,1
4,I13,4I13,1,ex,1
4,I13,4I13,1,ex,1
4,I13,4I13,1,ex,1
4,I13,4I13,1,ex,1
4,I13,4I13,1,ex,1
4,I14,4I14,2,in,1
4,I14,4I14,2,in,1
4,I14,4I14,2,in,1
4,I14,4I14,2,in,1
4,I14,4I14,2,in,1
4,I14,4I14,2,in,1
4,I14,4I14,2,in,1
4,I14,4I14,2,in,1
4,I14,4I14,2,in,1
4,I14,4I14,2,in,0
4,I16,4I16,1,ex,1
4,I16,4I16,1,ex,1
4,I16,4I16,1,ex,1
4,I16,4I16,1,ex,1
4,I16,4I16,1,ex,1
4,I16,4I16,1,ex,1
4,I16,4I16,1,ex,1
4,I16,4I16,1,ex,1
4,I16,4I16,1,ex,1
4,I16,4I16,1,ex,1
4,I16,4I16,1,ex,1
4,I16,4I16,1,ex,1
4,I16,4I16,1,ex,1
4,I16,4I16,1,ex,1
4,I16,4I16,1,ex,0
4,I16,4I16,1,ex,0
4,I16,4I16,1,ex,0
4,I16,4I16,1,ex,0
4,I18,4I18,2,in,1
4,I18,4I18,2,in,1
4,I18,4I18,2,in,1
4,I18,4I18,2,in,1
4,I18,4I18,2,in,1
4,I18,4I18,2,in,1
4,I18,4I18,2,in,1
4,I18,4I18,2,in,1
4,I18,4I18,2,in,1
4,I20,4I20,2,in,1
4,I20,4I20,2,in,1
4,I20,4I20,2,in,1
4,I20,4I20,2,in,1
4,I20,4I20,2,in,1
4,I20,4I20,2,in,1
4,I20,4I20,2,in,1
4,I20,4I20,2,in,1
4,I20,4I20,2,in,1
4,I20,4I20,2,in,1
4,I20,4I20,2,in,1
4,I20,4I20,2,in,1
4,I20,4I20,2,in,1
4,I20,4I20,2,in,0
4,I29,4I29,1,ex,1
4,I29,4I29,1,ex,1
4,I29,4I29,1,ex,1
4,I29,4I29,1,ex,1
4,I29,4I29,1,ex,1
4,I29,4I29,1,ex,1
4,I29,4I29,1,ex,0
4,I36,4I36,2,in,1
4,I36,4I36,2,in,1
4,I36,4I36,2,in,1
4,I36,4I36,2,in,1
4,I36,4I36,2,in,1
4,I36,4I36,2,in,1
4,I36,4I36,2,in,1
4,I36,4I36,2,in,1
4,I36,4I36,2,in,0
4,I36,4I36,2,in,0
4,I37,4I37,2,in,1
4,I37,4I37,2,in,1
4,I37,4I37,2,in,1
4,I37,4I37,2,in,1
4,I37,4I37,2,in,1
4,I37,4I37,2,in,1
4,I37,4I37,2,in,1
4,I37,4I37,2,in,1
4,I37,4I37,2,in,1
4,I37,4I37,2,in,0
4,I38,4I38,1,ex,1
4,I38,4I38,1,ex,1
4,I38,4I38,1,ex,1
4,I38,4I38,1,ex,1
4,I38,4I38,1,ex,1
4,I38,4I38,1,ex,1
4,I38,4I38,1,ex,1
4,I38,4I38,1,ex,1
4,I38,4I38,1,ex,1
4,I38,4I38,1,ex,1
4,I38,4I38,1,ex,1
4,I41,4I41,2,in,1
4,I41,4I41,2,in,1
4,I41,4I41,2,in,1
4,I41,4I41,2,in,1
4,I41,4I41,2,in,1
4,I41,4I41,2,in,1
4,I41,4I41,2,in,1
4,I41,4I41,2,in,1
4,I41,4I41,2,in,1
4,I41,4I41,2,in,0
4,I44,4I44,1,ex,1
4,I44,4I44,1,ex,1
4,I44,4I44,1,ex,1
4,I44,4I44,1,ex,1
4,I44,4I44,1,ex,1
4,I44,4I44,1,ex,1
4,I44,4I44,1,ex,1
4,I44,4I44,1,ex,1
4,I44,4I44,1,ex,1
4,I44,4I44,1,ex,1
4,I45,4I45,1,ex,1
4,I45,4I45,1,ex,1
4,I45,4I45,1,ex,1
4,I45,4I45,1,ex,1
4,I45,4I45,1,ex,1
4,I45,4I45,1,ex,1
4,I45,4I45,1,ex,1
4,I45,4I45,1,ex,1
4,I45,4I45,1,ex,1
4,I45,4I45,1,ex,1
4,I45,4I45,1,ex,1
4,I45,4I45,1,ex,1
4,I49,4I49,1,ex,1
4,I49,4I49,1,ex,1
4,I49,4I49,1,ex,1
4,I49,4I49,1,ex,1
4,I49,4I49,1,ex,1
4,I49,4I49,1,ex,1
4,I49,4I49,1,ex,1
4,I49,4I49,1,ex,1
4,I49,4I49,1,ex,1
4,I50,4I50,1,ex,1
4,I50,4I50,1,ex,1
4,I50,4I50,1,ex,1
4,I50,4I50,1,ex,1
4,I50,4I50,1,ex,1
4,I50,4I50,1,ex,1
4,I50,4I50,1,ex,1
4,I50,4I50,1,ex,1
4,I50,4I50,1,ex,1
4,I50,4I50,1,ex,1
4,I50,4I50,1,ex,1
5,C4,5C4,0,un,1
5,C4,5C4,0,un,1
5,C4,5C4,0,un,1
5,C4,5C4,0,un,1
5,C4,5C4,0,un,1
5,C4,5C4,0,un,1
5,C4,5C4,0,un,1
5,C4,5C4,0,un,0
5,C5,5C5,0,un,1
5,C5,5C5,0,un,1
5,C5,5C5,0,un,1
5,C5,5C5,0,un,1
5,C5,5C5,0,un,1
5,C5,5C5,0,un,1
5,C5,5C5,0,un,1
5,C5,5C5,0,un,1
5,C5,5C5,0,un,0
5,C9,5C9,0,un,1
5,C9,5C9,0,un,1
5,C9,5C9,0,un,1
5,C9,5C9,0,un,1
5,C9,5C9,0,un,1
5,C9,5C9,0,un,1
5,C9,5C9,0,un,1
5,C9,5C9,0,un,1
5,C9,5C9,0,un,1
5,C9,5C9,0,un,1
5,C9,5C9,0,un,1
5,C9,5C9,0,un,1
5,C9,5C9,0,un,0
5,C10,5C10,0,un,1
5,C10,5C10,0,un,1
5,C10,5C10,0,un,1
5,C10,5C10,0,un,1
5,C10,5C10,0,un,1
5,C10,5C10,0,un,1
5,C10,5C10,0,un,1
5,C10,5C10,0,un,1
5,C10,5C10,0,un,1
5,C10,5C10,0,un,1
5,C10,5C10,0,un,1
5,C10,5C10,0,un,1
5,C12,5C12,0,un,1
5,C12,5C12,0,un,1
5,C12,5C12,0,un,1
5,C12,5C12,0,un,1
5,C12,5C12,0,un,1
5,C12,5C12,0,un,1
5,C12,5C12,0,un,1
5,C12,5C12,0,un,1
5,C12,5C12,0,un,1
5,C12,5C12,0,un,1
5,C12,5C12,0,un,1
5,C12,5C12,0,un,1
5,C12,5C12,0,un,1
5,C12,5C12,0,un,1
5,C15,5C15,0,un,1
5,C15,5C15,0,un,1
5,C15,5C15,0,un,1
5,C15,5C15,0,un,1
5,C15,5C15,0,un,1
5,C15,5C15,0,un,1
5,C15,5C15,0,un,1
5,C15,5C15,0,un,1
5,C15,5C15,0,un,1
5,C15,5C15,0,un,1
5,C15,5C15,0,un,1
5,C15,5C15,0,un,1
5,C15,5C15,0,un,1
5,C15,5C15,0,un,1
5,C15,5C15,0,un,1
5,C15,5C15,0,un,1
5,C15,5C15,0,un,1
5,C15,5C15,0,un,1
5,C15,5C15,0,un,1
5,C15,5C15,0,un,1
5,C15,5C15,0,un,1
5,C15,5C15,0,un,1
5,C16,5C16,0,un,1
5,C16,5C16,0,un,1
5,C16,5C16,0,un,1
5,C16,5C16,0,un,1
5,C16,5C16,0,un,1
5,C16,5C16,0,un,1
5,C16,5C16,0,un,1
5,C16,5C16,0,un,1
5,C16,5C16,0,un,1
5,C16,5C16,0,un,1
5,C16,5C16,0,un,1
5,C16,5C16,0,un,1
5,C16,5C16,0,un,1
5,C16,5C16,0,un,1
5,C17,5C17,0,un,1
5,C17,5C17,0,un,0
5,C18,5C18,0,un,1
5,C18,5C18,0,un,1
5,C18,5C18,0,un,1
5,C18,5C18,0,un,1
5,C18,5C18,0,un,1
5,C18,5C18,0,un,1
5,C18,5C18,0,un,1
5,C18,5C18,0,un,1
5,C18,5C18,0,un,1
5,C18,5C18,0,un,1
5,C18,5C18,0,un,1
5,C19,5C19,0,un,1
5,C19,5C19,0,un,1
5,C19,5C19,0,un,1
5,C19,5C19,0,un,1
5,C19,5C19,0,un,1
5,C19,5C19,0,un,1
5,C19,5C19,0,un,1
5,C19,5C19,0,un,1
5,C19,5C19,0,un,1
5,C19,5C19,0,un,0
5,C19,5C19,0,un,0
5,C20,5C20,0,un,1
5,C20,5C20,0,un,1
5,C20,5C20,0,un,1
5,C20,5C20,0,un,1
5,C20,5C20,0,un,1
5,C20,5C20,0,un,1
5,C21,5C21,0,un,1
5,C21,5C21,0,un,1
5,C21,5C21,0,un,1
5,C21,5C21,0,un,1
5,C21,5C21,0,un,1
5,C21,5C21,0,un,1
5,C21,5C21,0,un,1
5,C21,5C21,0,un,1
5,C21,5C21,0,un,1
5,C21,5C21,0,un,1
5,C21,5C21,0,un,1
5,C21,5C21,0,un,1
5,C21,5C21,0,un,1
5,C21,5C21,0,un,1
5,C21,5C21,0,un,1
5,C21,5C21,0,un,1
5,C21,5C21,0,un,1
5,C21,5C21,0,un,0
5,C21,5C21,0,un,0
5,C21,5C21,0,un,0
5,C21,5C21,0,un,0
5,C23,5C23,0,un,1
5,C23,5C23,0,un,1
5,C23,5C23,0,un,1
5,C23,5C23,0,un,1
5,C23,5C23,0,un,1
5,C23,5C23,0,un,1
5,C23,5C23,0,un,1
5,C23,5C23,0,un,1
5,C23,5C23,0,un,1
5,C23,5C23,0,un,1
5,C23,5C23,0,un,1
5,C23,5C23,0,un,1
5,C25,5C25,0,un,1
5,C25,5C25,0,un,1
5,C25,5C25,0,un,1
5,C25,5C25,0,un,1
5,C25,5C25,0,un,1
5,C25,5C25,0,un,1
5,C25,5C25,0,un,1
5,C25,5C25,0,un,1
5,C25,5C25,0,un,1
5,C25,5C25,0,un,1
5,C25,5C25,0,un,1
5,C25,5C25,0,un,1
5,C25,5C25,0,un,1
5,C25,5C25,0,un,1
5,C26,5C26,0,un,1
5,C26,5C26,0,un,1
5,C26,5C26,0,un,1
5,C26,5C26,0,un,1
5,C26,5C26,0,un,1
5,C26,5C26,0,un,1
5,C26,5C26,0,un,1
5,C26,5C26,0,un,1
5,C26,5C26,0,un,1
5,C26,5C26,0,un,1
5,C26,5C26,0,un,1
5,C26,5C26,0,un,1
5,C28,5C28,0,un,1
5,C28,5C28,0,un,1
5,C28,5C28,0,un,1
5,C28,5C28,0,un,1
5,C28,5C28,0,un,1
5,C28,5C28,0,un,1
5,C28,5C28,0,un,1
5,C28,5C28,0,un,1
5,C28,5C28,0,un,1
5,C28,5C28,0,un,1
5,C28,5C28,0,un,1
5,C28,5C28,0,un,0
5,C28,5C28,0,un,0
5,C30,5C30,0,un,1
5,C30,5C30,0,un,1
5,C30,5C30,0,un,1
5,C30,5C30,0,un,1
5,C30,5C30,0,un,1
5,C30,5C30,0,un,1
5,C30,5C30,0,un,1
5,C30,5C30,0,un,1
5,C30,5C30,0,un,1
5,C30,5C30,0,un,1
5,C31,5C31,0,un,1
5,C31,5C31,0,un,1
5,C31,5C31,0,un,1
5,C31,5C31,0,un,1
5,C31,5C31,0,un,1
5,C31,5C31,0,un,1
5,C31,5C31,0,un,1
5,C31,5C31,0,un,1
5,C31,5C31,0,un,1
5,C31,5C31,0,un,1
5,C31,5C31,0,un,1
5,C31,5C31,0,un,0
5,C33,5C33,0,un,1
5,C33,5C33,0,un,1
5,C33,5C33,0,un,1
5,C33,5C33,0,un,1
5,C33,5C33,0,un,1
5,C33,5C33,0,un,1
5,C33,5C33,0,un,1
5,C33,5C33,0,un,1
5,C33,5C33,0,un,1
5,C33,5C33,0,un,1
5,C34,5C34,0,un,1
5,C34,5C34,0,un,1
5,C34,5C34,0,un,1
5,C34,5C34,0,un,1
5,C34,5C34,0,un,1
5,C34,5C34,0,un,1
5,C34,5C34,0,un,1
5,C34,5C34,0,un,1
5,C34,5C34,0,un,0
5,C34,5C34,0,un,0
5,C34,5C34,0,un,0
5,C35,5C35,0,un,1
5,C35,5C35,0,un,1
5,C35,5C35,0,un,1
5,C35,5C35,0,un,1
5,C35,5C35,0,un,1
5,C35,5C35,0,un,1
5,C35,5C35,0,un,0
5,C36,5C36,0,un,1
5,C36,5C36,0,un,1
5,C36,5C36,0,un,1
5,C36,5C36,0,un,1
5,C36,5C36,0,un,1
5,C36,5C36,0,un,1
5,C36,5C36,0,un,1
5,C36,5C36,0,un,1
5,C36,5C36,0,un,0
5,C37,5C37,0,un,1
5,C37,5C37,0,un,1
5,C37,5C37,0,un,1
5,C37,5C37,0,un,1
5,C37,5C37,0,un,1
5,C37,5C37,0,un,1
5,C37,5C37,0,un,1
5,C37,5C37,0,un,1
5,C37,5C37,0,un,1
5,C37,5C37,0,un,1
5,C37,5C37,0,un,0
5,C38,5C38,0,un,1
5,C38,5C38,0,un,1
5,C38,5C38,0,un,1
5,C38,5C38,0,un,1
5,C38,5C38,0,un,1
5,C38,5C38,0,un,1
5,C38,5C38,0,un,1
5,C38,5C38,0,un,1
5,C38,5C38,0,un,1
5,C38,5C38,0,un,1
5,C40,5C40,0,un,1
5,C40,5C40,0,un,1
5,C40,5C40,0,un,1
5,C40,5C40,0,un,1
5,C40,5C40,0,un,1
5,C40,5C40,0,un,1
5,C40,5C40,0,un,1
5,C40,5C40,0,un,1
5,C40,5C40,0,un,0
5,C40,5C40,0,un,0
5,C40,5C40,0,un,0
5,I5,5I5,2,in,1
5,I5,5I5,2,in,1
5,I5,5I5,2,in,1
5,I5,5I5,2,in,0
5,I10,5I10,1,ex,1
5,I10,5I10,1,ex,1
5,I10,5I10,1,ex,1
5,I10,5I10,1,ex,1
5,I10,5I10,1,ex,1
5,I10,5I10,1,ex,1
5,I10,5I10,1,ex,1
5,I10,5I10,1,ex,1
5,I10,5I10,1,ex,1
5,I10,5I10,1,ex,1
5,I10,5I10,1,ex,1
5,I10,5I10,1,ex,1
5,I10,5I10,1,ex,1
5,I13,5I13,1,ex,1
5,I13,5I13,1,ex,1
5,I13,5I13,1,ex,1
5,I13,5I13,1,ex,1
5,I13,5I13,1,ex,1
5,I13,5I13,1,ex,1
5,I13,5I13,1,ex,1
5,I13,5I13,1,ex,1
5,I13,5I13,1,ex,1
5,I16,5I16,1,ex,1
5,I16,5I16,1,ex,1
5,I16,5I16,1,ex,1
5,I16,5I16,1,ex,1
5,I16,5I16,1,ex,1
5,I16,5I16,1,ex,1
5,I16,5I16,1,ex,1
5,I16,5I16,1,ex,1
5,I16,5I16,1,ex,1
5,I16,5I16,1,ex,1
5,I16,5I16,1,ex,1
5,I16,5I16,1,ex,1
5,I16,5I16,1,ex,1
5,I16,5I16,1,ex,1
5,I16,5I16,1,ex,1
5,I16,5I16,1,ex,1
5,I16,5I16,1,ex,1
5,I16,5I16,1,ex,1
5,I16,5I16,1,ex,1
5,I16,5I16,1,ex,1
5,I16,5I16,1,ex,1
5,I16,5I16,1,ex,0
5,I16,5I16,1,ex,0
5,I20,5I20,2,in,1
5,I20,5I20,2,in,1
5,I20,5I20,2,in,1
5,I20,5I20,2,in,1
5,I20,5I20,2,in,1
5,I20,5I20,2,in,1
5,I20,5I20,2,in,1
5,I20,5I20,2,in,1
5,I20,5I20,2,in,1
5,I20,5I20,2,in,1
5,I29,5I29,1,ex,1
5,I29,5I29,1,ex,1
5,I29,5I29,1,ex,1
5,I29,5I29,1,ex,1
5,I29,5I29,1,ex,1
5,I29,5I29,1,ex,1
5,I29,5I29,1,ex,1
5,I29,5I29,1,ex,1
5,I29,5I29,1,ex,1
5,I29,5I29,1,ex,1
5,I29,5I29,1,ex,1
5,I38,5I38,1,ex,1
5,I38,5I38,1,ex,1
5,I38,5I38,1,ex,1
5,I38,5I38,1,ex,1
5,I38,5I38,1,ex,1
5,I38,5I38,1,ex,1
5,I38,5I38,1,ex,1
5,I44,5I44,1,ex,1
5,I44,5I44,1,ex,1
5,I44,5I44,1,ex,1
5,I44,5I44,1,ex,1
5,I44,5I44,1,ex,1
5,I44,5I44,1,ex,1
5,I44,5I44,1,ex,1
5,I44,5I44,1,ex,1
5,I44,5I44,1,ex,1
5,I44,5I44,1,ex,1
5,I44,5I44,1,ex,1
5,I44,5I44,1,ex,1
5,I44,5I44,1,ex,1
5,I44,5I44,1,ex,1
5,I44,5I44,1,ex,1
5,I45,5I45,1,ex,1
5,I45,5I45,1,ex,1
5,I45,5I45,1,ex,1
5,I45,5I45,1,ex,1
5,I45,5I45,1,ex,1
5,I45,5I45,1,ex,1
5,I45,5I45,1,ex,1
5,I45,5I45,1,ex,1
5,I45,5I45,1,ex,1
5,I45,5I45,1,ex,1
5,I49,5I49,1,ex,0
5,I49,5I49,1,ex,0
5,I49,5I49,1,ex,0
5,I49,5I49,1,ex,0
5,I49,5I49,1,ex,0
5,I49,5I49,1,ex,0
5,I49,5I49,1,ex,0
5,I49,5I49,1,ex,0
5,I49,5I49,1,ex,0
5,I49,5I49,1,ex,0
5,I49,5I49,1,ex,0
5,I50,5I50,1,ex,1
5,I50,5I50,1,ex,0
5,I50,5I50,1,ex,0
5,I50,5I50,1,ex,0
5,I50,5I50,1,ex,0
5,I50,5I50,1,ex,0
5,I50,5I50,1,ex,0
5,I50,5I50,1,ex,0
5,I50,5I50,1,ex,0
5,I50,5I50,1,ex,0
